INSERT INTO tb_organization (org_code, created_at, modified_at, [order], org_full_code, org_full_name, org_name, org_pa_code, color) VALUES ('00000000', DATETIME'2020-11-18 10:52:37.000', DATETIME'2020-11-18 10:52:37.000', 1, '00000000', '조은아이앤에스', '조은아이앤에스', '0', NULL);
INSERT INTO tb_organization (org_code, created_at, modified_at, [order], org_full_code, org_full_name, org_name, org_pa_code, color) VALUES ('-1', DATETIME'2020-11-18 10:52:37.000', DATETIME'2020-11-18 10:52:37.000', 2, '00000000,-1', '조은아이앤에스>미확인', '미확인 부서', '00000000', NULL);
INSERT INTO tb_organization_level (org_code, [order], org_code_lv1, org_code_lv10, org_code_lv2, org_code_lv3, org_code_lv4, org_code_lv5, org_code_lv6, org_code_lv7, org_code_lv8, org_code_lv9) VALUES ('00000000', 1, '00000000', NULL, NULL, NULL, NULL, NULL, NULL, NULL, NULL, NULL);
INSERT INTO tb_organization_level (org_code, [order], org_code_lv1, org_code_lv10, org_code_lv2, org_code_lv3, org_code_lv4, org_code_lv5, org_code_lv6, org_code_lv7, org_code_lv8, org_code_lv9) VALUES ('-1', 2, '00000000', NULL, '-1', NULL, NULL, NULL, NULL, NULL, NULL, NULL);


INSERT INTO tb_admin (admin_id, created_at, modified_at, con_ip, email, last_login_time, mgr_org_code, [name], org_code, [password], SALT, tel, use_yn) VALUES ('admin', DATETIME'2020-11-18 11:00:03.000', DATETIME'2021-08-18 16:18:44.141', '', 'admin@joeunins.com', DATETIME'2021-08-18 16:18:44.140', '00000000', 'admin', '00000000', '2576AC709615944D7DE977BE9B62EE31079726D06578C6C463728BE8BFABCC6A', 'Y', '', 'Y');


INSERT INTO tb_seat (id, created_at, modified_at, class_name, [left], top) VALUES (3, DATETIME'2021-04-30 09:13:08.000', DATETIME'2021-04-30 09:13:08.000', 'seat1', '90px', '10px');
INSERT INTO tb_seat (id, created_at, modified_at, class_name, [left], top) VALUES (1, DATETIME'2021-04-30 09:13:08.000', DATETIME'2021-04-30 09:13:08.000', 'seat1', '40px', '190px');
INSERT INTO tb_seat (id, created_at, modified_at, class_name, [left], top) VALUES (2, DATETIME'2021-04-30 09:13:08.000', DATETIME'2021-04-30 09:13:08.000', 'seat1', '20px', '10px');
INSERT INTO tb_seat (id, created_at, modified_at, class_name, [left], top) VALUES (4, DATETIME'2021-04-30 09:13:08.000', DATETIME'2021-04-30 09:13:08.000', 'seat1', '20px', '65px');
INSERT INTO tb_seat (id, created_at, modified_at, class_name, [left], top) VALUES (5, DATETIME'2021-04-30 09:13:08.000', DATETIME'2021-04-30 09:13:08.000', 'seat1', '90px', '65px');
INSERT INTO tb_seat (id, created_at, modified_at, class_name, [left], top) VALUES (6, DATETIME'2021-04-30 09:13:08.000', DATETIME'2021-04-30 09:13:08.000', 'seat2', '210px', '10px');
INSERT INTO tb_seat (id, created_at, modified_at, class_name, [left], top) VALUES (7, DATETIME'2021-04-30 09:13:08.000', DATETIME'2021-04-30 09:13:08.000', 'seat2', '265px', '10px');
INSERT INTO tb_seat (id, created_at, modified_at, class_name, [left], top) VALUES (8, DATETIME'2021-04-30 09:13:08.000', DATETIME'2021-04-30 09:13:08.000', 'seat2', '265px', '80px');
INSERT INTO tb_seat (id, created_at, modified_at, class_name, [left], top) VALUES (9, DATETIME'2021-04-30 09:13:08.000', DATETIME'2021-04-30 09:13:08.000', 'seat2', '370px', '10px');
INSERT INTO tb_seat (id, created_at, modified_at, class_name, [left], top) VALUES (10, DATETIME'2021-04-30 09:13:08.000', DATETIME'2021-04-30 09:13:08.000', 'seat2', '370px', '80px');
INSERT INTO tb_seat (id, created_at, modified_at, class_name, [left], top) VALUES (11, DATETIME'2021-04-30 09:13:08.000', DATETIME'2021-04-30 09:13:08.000', 'seat2', '150px', '205px');
INSERT INTO tb_seat (id, created_at, modified_at, class_name, [left], top) VALUES (12, DATETIME'2021-04-30 09:13:08.000', DATETIME'2021-04-30 09:13:08.000', 'seat1', '205px', '180px');
INSERT INTO tb_seat (id, created_at, modified_at, class_name, [left], top) VALUES (13, DATETIME'2021-04-30 09:13:08.000', DATETIME'2021-04-30 09:13:08.000', 'seat1', '275px', '180px');
INSERT INTO tb_seat (id, created_at, modified_at, class_name, [left], top) VALUES (14, DATETIME'2021-04-30 09:13:08.000', DATETIME'2021-04-30 09:13:08.000', 'seat1', '205px', '235px');
INSERT INTO tb_seat (id, created_at, modified_at, class_name, [left], top) VALUES (15, DATETIME'2021-04-30 09:13:08.000', DATETIME'2021-04-30 09:13:08.000', 'seat1', '275px', '235px');
INSERT INTO tb_seat (id, created_at, modified_at, class_name, [left], top) VALUES (16, DATETIME'2021-04-30 09:13:08.000', DATETIME'2021-04-30 09:13:08.000', 'seat1', '460px', '125px');
INSERT INTO tb_seat (id, created_at, modified_at, class_name, [left], top) VALUES (17, DATETIME'2021-04-30 09:13:08.000', DATETIME'2021-04-30 09:13:08.000', 'seat1', '460px', '180px');
INSERT INTO tb_seat (id, created_at, modified_at, class_name, [left], top) VALUES (18, DATETIME'2021-04-30 09:13:08.000', DATETIME'2021-04-30 09:13:08.000', 'seat1', '530px', '125px');
INSERT INTO tb_seat (id, created_at, modified_at, class_name, [left], top) VALUES (19, DATETIME'2021-04-30 09:13:08.000', DATETIME'2021-04-30 09:13:08.000', 'seat1', '530px', '180px');
INSERT INTO tb_seat (id, created_at, modified_at, class_name, [left], top) VALUES (20, DATETIME'2021-04-30 09:13:08.000', DATETIME'2021-04-30 09:13:08.000', 'seat2', '240px', '320px');
INSERT INTO tb_seat (id, created_at, modified_at, class_name, [left], top) VALUES (21, DATETIME'2021-04-30 09:13:08.000', DATETIME'2021-04-30 09:13:08.000', 'seat1', '295px', '320px');
INSERT INTO tb_seat (id, created_at, modified_at, class_name, [left], top) VALUES (22, DATETIME'2021-04-30 09:13:08.000', DATETIME'2021-04-30 09:13:08.000', 'seat1', '365px', '320px');
INSERT INTO tb_seat (id, created_at, modified_at, class_name, [left], top) VALUES (23, DATETIME'2021-04-30 09:13:08.000', DATETIME'2021-04-30 09:13:08.000', 'seat1', '295px', '375px');
INSERT INTO tb_seat (id, created_at, modified_at, class_name, [left], top) VALUES (24, DATETIME'2021-04-30 09:13:08.000', DATETIME'2021-04-30 09:13:08.000', 'seat1', '365px', '375px');
INSERT INTO tb_seat (id, created_at, modified_at, class_name, [left], top) VALUES (25, DATETIME'2021-04-30 09:13:08.000', DATETIME'2021-04-30 09:13:08.000', 'seat1', '205px', '460px');
INSERT INTO tb_seat (id, created_at, modified_at, class_name, [left], top) VALUES (26, DATETIME'2021-04-30 09:13:08.000', DATETIME'2021-04-30 09:13:08.000', 'seat1', '275px', '460px');
INSERT INTO tb_seat (id, created_at, modified_at, class_name, [left], top) VALUES (27, DATETIME'2021-04-30 09:13:08.000', DATETIME'2021-04-30 09:13:08.000', 'seat1', '345px', '460px');
INSERT INTO tb_seat (id, created_at, modified_at, class_name, [left], top) VALUES (28, DATETIME'2021-04-30 09:13:08.000', DATETIME'2021-04-30 09:13:08.000', 'seat1', '415px', '460px');
INSERT INTO tb_seat (id, created_at, modified_at, class_name, [left], top) VALUES (29, DATETIME'2021-04-30 09:13:08.000', DATETIME'2021-04-30 09:13:08.000', 'seat2', '220px', '515px');
INSERT INTO tb_seat (id, created_at, modified_at, class_name, [left], top) VALUES (30, DATETIME'2021-04-30 09:13:08.000', DATETIME'2021-04-30 09:13:08.000', 'seat1', '275px', '515px');
INSERT INTO tb_seat (id, created_at, modified_at, class_name, [left], top) VALUES (31, DATETIME'2021-04-30 09:13:08.000', DATETIME'2021-04-30 09:13:08.000', 'seat1', '345px', '515px');
INSERT INTO tb_seat (id, created_at, modified_at, class_name, [left], top) VALUES (32, DATETIME'2021-04-30 09:13:08.000', DATETIME'2021-04-30 09:13:08.000', 'seat1', '415px', '515px');
INSERT INTO tb_seat (id, created_at, modified_at, class_name, [left], top) VALUES (33, DATETIME'2021-04-30 09:13:08.000', DATETIME'2021-04-30 09:13:08.000', 'seat2', '220px', '610px');
INSERT INTO tb_seat (id, created_at, modified_at, class_name, [left], top) VALUES (34, DATETIME'2021-04-30 09:13:08.000', DATETIME'2021-04-30 09:13:08.000', 'seat2', '220px', '680px');
INSERT INTO tb_seat (id, created_at, modified_at, class_name, [left], top) VALUES (35, DATETIME'2021-04-30 09:13:08.000', DATETIME'2021-04-30 09:13:08.000', 'seat2', '275px', '610px');
INSERT INTO tb_seat (id, created_at, modified_at, class_name, [left], top) VALUES (36, DATETIME'2021-04-30 09:13:08.000', DATETIME'2021-04-30 09:13:08.000', 'seat2', '275px', '680px');
INSERT INTO tb_seat (id, created_at, modified_at, class_name, [left], top) VALUES (37, DATETIME'2021-04-30 09:13:08.000', DATETIME'2021-04-30 09:13:08.000', 'seat2', '380px', '610px');
INSERT INTO tb_seat (id, created_at, modified_at, class_name, [left], top) VALUES (38, DATETIME'2021-04-30 09:13:08.000', DATETIME'2021-04-30 09:13:08.000', 'seat2', '380px', '680px');
INSERT INTO tb_seat (id, created_at, modified_at, class_name, [left], top) VALUES (40, DATETIME'2021-04-30 09:13:08.000', DATETIME'2021-04-30 09:13:08.000', 'seat2', '640px', '220px');
INSERT INTO tb_seat (id, created_at, modified_at, class_name, [left], top) VALUES (41, DATETIME'2021-04-30 09:13:08.000', DATETIME'2021-04-30 09:13:08.000', 'seat2', '640px', '290px');
INSERT INTO tb_seat (id, created_at, modified_at, class_name, [left], top) VALUES (42, DATETIME'2021-04-30 09:13:08.000', DATETIME'2021-04-30 09:13:08.000', 'seat2', '640px', '360px');
INSERT INTO tb_seat (id, created_at, modified_at, class_name, [left], top) VALUES (43, DATETIME'2021-04-30 09:13:08.000', DATETIME'2021-04-30 09:13:08.000', 'seat2', '740px', '150px');
INSERT INTO tb_seat (id, created_at, modified_at, class_name, [left], top) VALUES (44, DATETIME'2021-04-30 09:13:08.000', DATETIME'2021-04-30 09:13:08.000', 'seat2', '740px', '220px');
INSERT INTO tb_seat (id, created_at, modified_at, class_name, [left], top) VALUES (45, DATETIME'2021-04-30 09:13:08.000', DATETIME'2021-04-30 09:13:08.000', 'seat2', '740px', '290px');
INSERT INTO tb_seat (id, created_at, modified_at, class_name, [left], top) VALUES (46, DATETIME'2021-04-30 09:13:08.000', DATETIME'2021-04-30 09:13:08.000', 'seat2', '740px', '360px');
INSERT INTO tb_seat (id, created_at, modified_at, class_name, [left], top) VALUES (47, DATETIME'2021-04-30 09:13:08.000', DATETIME'2021-04-30 09:13:08.000', 'seat2', '800px', '150px');
INSERT INTO tb_seat (id, created_at, modified_at, class_name, [left], top) VALUES (48, DATETIME'2021-04-30 09:13:08.000', DATETIME'2021-04-30 09:13:08.000', 'seat2', '800px', '220px');
INSERT INTO tb_seat (id, created_at, modified_at, class_name, [left], top) VALUES (49, DATETIME'2021-04-30 09:13:08.000', DATETIME'2021-04-30 09:13:08.000', 'seat2', '800px', '290px');
INSERT INTO tb_seat (id, created_at, modified_at, class_name, [left], top) VALUES (50, DATETIME'2021-04-30 09:13:08.000', DATETIME'2021-04-30 09:13:08.000', 'seat2', '800px', '360px');
INSERT INTO tb_seat (id, created_at, modified_at, class_name, [left], top) VALUES (51, DATETIME'2021-04-30 09:13:08.000', DATETIME'2021-04-30 09:13:08.000', 'seat1', '895px', '150px');
INSERT INTO tb_seat (id, created_at, modified_at, class_name, [left], top) VALUES (52, DATETIME'2021-04-30 09:13:08.000', DATETIME'2021-04-30 09:13:08.000', 'seat2', '910px', '205px');
INSERT INTO tb_seat (id, created_at, modified_at, class_name, [left], top) VALUES (53, DATETIME'2021-04-30 09:13:08.000', DATETIME'2021-04-30 09:13:08.000', 'seat2', '910px', '310px');
INSERT INTO tb_seat (id, created_at, modified_at, class_name, [left], top) VALUES (54, DATETIME'2021-04-30 09:13:08.000', DATETIME'2021-04-30 09:13:08.000', 'seat2', '910px', '380px');
INSERT INTO tb_seat (id, created_at, modified_at, class_name, [left], top) VALUES (55, DATETIME'2021-04-30 09:13:08.000', DATETIME'2021-04-30 09:13:08.000', 'seat1', '40px', '300px');
INSERT INTO tb_seat (id, created_at, modified_at, class_name, [left], top) VALUES (56, DATETIME'2021-04-30 09:13:08.000', DATETIME'2021-04-30 09:13:08.000', 'seat1', '40px', '390px');
INSERT INTO tb_seat (id, created_at, modified_at, class_name, [left], top) VALUES (57, DATETIME'2021-04-30 09:13:08.000', DATETIME'2021-04-30 09:13:08.000', 'seat1', '40px', '480px');



INSERT INTO tb_code_group (group_code, created_at, modified_at, group_desc, group_name, use_yn) VALUES ('regex', DATETIME'2020-11-18 10:52:37.000', DATETIME'2020-11-18 10:52:37.000', '정규식에 관한 코드', '정규식', 'Y');
INSERT INTO tb_code_group (group_code, created_at, modified_at, group_desc, group_name, use_yn) VALUES ('job', DATETIME'2020-11-24 10:51:31.000', DATETIME'2020-11-24 10:51:31.000', '직책에대한 코드', '직책코드', 'Y');
INSERT INTO tb_code_group (group_code, created_at, modified_at, group_desc, group_name, use_yn) VALUES ('rank', DATETIME'2021-04-19 10:09:18.000', DATETIME'2021-04-19 10:09:18.000', '직급에대한 코드', '직급코드', 'Y');
INSERT INTO tb_code_group (group_code, created_at, modified_at, group_desc, group_name, use_yn) VALUES ('Gyeongjosa', DATETIME'2021-04-23 09:15:23.000', DATETIME'2021-04-23 09:15:23.000', '경조사', '경조사', 'Y');
INSERT INTO tb_code_group (group_code, created_at, modified_at, group_desc, group_name, use_yn) VALUES ('email', DATETIME'2021-04-27 08:49:54.000', DATETIME'2021-04-27 08:49:54.000', '회사 이메일 도메인 주소', '회사 도메인주소', 'Y');
INSERT INTO tb_code_group (group_code, created_at, modified_at, group_desc, group_name, use_yn) VALUES ('uploadSize', DATETIME'2021-05-07 12:40:43.770', DATETIME'2021-05-07 12:40:43.770', '최대 200MB까지 가능(Byte 단위)', '파일 업로드 크기', 'Y');
INSERT INTO tb_code_group (group_code, created_at, modified_at, group_desc, group_name, use_yn) VALUES ('holiday', DATETIME'2021-05-07 14:40:35.729', DATETIME'2021-05-10 11:00:11.505', '휴일 체크 ( -s 양력, -l 음력)', '법정공휴일 및 연휴', 'Y');
INSERT INTO tb_code_group (group_code, created_at, modified_at, group_desc, group_name, use_yn) VALUES ('assetCategory', DATETIME'2021-07-14 09:00:06.595', DATETIME'2021-07-14 09:00:06.595', '자산의 종류에대한 코드', '자산종류', 'Y');
INSERT INTO tb_code_group (group_code, created_at, modified_at, group_desc, group_name, use_yn) VALUES ('assetStatus', DATETIME'2021-07-14 09:00:57.710', DATETIME'2021-07-14 09:00:57.710', '자산의 현재 상태 코드', '상태', 'Y');

INSERT INTO tb_code_detail (detail_code, group_code, created_at, modified_at, detail_desc, detail_name, [order]) VALUES ('1227-s', 'holiday', DATETIME'2021-07-06 12:59:07.751', DATETIME'2021-07-06 12:59:07.751', '크리스마스 대체공휴일', '12-27', 18);
INSERT INTO tb_code_detail (detail_code, group_code, created_at, modified_at, detail_desc, detail_name, [order]) VALUES ('R0001', 'rank', DATETIME'2021-04-19 10:10:31.000', DATETIME'2021-04-19 10:10:31.000', '사원', '사원', 0);
INSERT INTO tb_code_detail (detail_code, group_code, created_at, modified_at, detail_desc, detail_name, [order]) VALUES ('R0002', 'rank', DATETIME'2021-04-19 10:10:31.000', DATETIME'2021-04-26 16:39:38.000', '연구원', '연구원', 1);
INSERT INTO tb_code_detail (detail_code, group_code, created_at, modified_at, detail_desc, detail_name, [order]) VALUES ('R0003', 'rank', DATETIME'2021-04-19 10:10:31.000', DATETIME'2021-04-26 16:39:38.000', '대리', '대리', 2);
INSERT INTO tb_code_detail (detail_code, group_code, created_at, modified_at, detail_desc, detail_name, [order]) VALUES ('R0004', 'rank', DATETIME'2021-04-19 10:10:31.000', DATETIME'2021-04-26 16:39:38.000', '전임연구원', '전임연구원', 3);
INSERT INTO tb_code_detail (detail_code, group_code, created_at, modified_at, detail_desc, detail_name, [order]) VALUES ('R0005', 'rank', DATETIME'2021-04-19 10:10:31.000', DATETIME'2021-04-26 16:39:38.000', '과장', '과장', 4);
INSERT INTO tb_code_detail (detail_code, group_code, created_at, modified_at, detail_desc, detail_name, [order]) VALUES ('R0006', 'rank', DATETIME'2021-04-19 10:10:31.000', DATETIME'2021-04-26 16:39:38.000', '선임연구원', '선임연구원', 5);
INSERT INTO tb_code_detail (detail_code, group_code, created_at, modified_at, detail_desc, detail_name, [order]) VALUES ('R0007', 'rank', DATETIME'2021-04-19 10:10:31.000', DATETIME'2021-04-26 16:39:38.000', '차장', '차장', 6);
INSERT INTO tb_code_detail (detail_code, group_code, created_at, modified_at, detail_desc, detail_name, [order]) VALUES ('R0008', 'rank', DATETIME'2021-04-19 10:10:31.000', DATETIME'2021-04-26 16:39:38.000', '책임연구원', '책임연구원', 7);
INSERT INTO tb_code_detail (detail_code, group_code, created_at, modified_at, detail_desc, detail_name, [order]) VALUES ('G001', 'Gyeongjosa', DATETIME'2021-04-23 09:20:15.000', DATETIME'2021-04-23 09:20:15.000', '본인 결혼 : 5일 (토, 일 포함 7일)', '5', 0);
INSERT INTO tb_code_detail (detail_code, group_code, created_at, modified_at, detail_desc, detail_name, [order]) VALUES ('G002', 'Gyeongjosa', DATETIME'2021-04-23 09:20:15.000', DATETIME'2021-04-23 09:20:15.000', '자녀 결혼 : 2일', '2', 1);
INSERT INTO tb_code_detail (detail_code, group_code, created_at, modified_at, detail_desc, detail_name, [order]) VALUES ('G003', 'Gyeongjosa', DATETIME'2021-04-23 09:20:15.000', DATETIME'2021-04-23 09:20:15.000', '본인 및 배우자의 형제, 자매 결혼 : 1일', '1', 2);
INSERT INTO tb_code_detail (detail_code, group_code, created_at, modified_at, detail_desc, detail_name, [order]) VALUES ('G004', 'Gyeongjosa', DATETIME'2021-04-23 09:20:15.000', DATETIME'2021-04-23 09:20:15.000', '본인 및 배우자의 부모 회갑,칠순 : 1 일', '1', 3);
INSERT INTO tb_code_detail (detail_code, group_code, created_at, modified_at, detail_desc, detail_name, [order]) VALUES ('G005', 'Gyeongjosa', DATETIME'2021-04-23 09:20:15.000', DATETIME'2021-04-23 09:20:15.000', '배우자, 본인 및 배우자의 부모 ,조부모(승중상), 자녀 사망 : 5 일 (토 , 일 포함 7일)', '5', 4);
INSERT INTO tb_code_detail (detail_code, group_code, created_at, modified_at, detail_desc, detail_name, [order]) VALUES ('G006', 'Gyeongjosa', DATETIME'2021-04-23 09:20:15.000', DATETIME'2021-04-23 09:20:15.000', '본인 및 배우자의 형제자매 사망 : 3 일', '3', 5);
INSERT INTO tb_code_detail (detail_code, group_code, created_at, modified_at, detail_desc, detail_name, [order]) VALUES ('G007', 'Gyeongjosa', DATETIME'2021-04-23 09:20:15.000', DATETIME'2021-04-23 09:20:15.000', '본인 및 배우자의 조부모 사망 : 2 일', '2', 6);
INSERT INTO tb_code_detail (detail_code, group_code, created_at, modified_at, detail_desc, detail_name, [order]) VALUES ('G008', 'Gyeongjosa', DATETIME'2021-04-23 09:20:15.000', DATETIME'2021-04-23 09:20:15.000', '본인 및 배우자의 백숙부모 사망 : 1일', '1', 7);
INSERT INTO tb_code_detail (detail_code, group_code, created_at, modified_at, detail_desc, detail_name, [order]) VALUES ('G009', 'Gyeongjosa', DATETIME'2021-04-23 09:20:15.000', DATETIME'2021-04-23 09:20:15.000', '본인의 고교, 대학(원) 졸업 : 1일', '1', 8);
INSERT INTO tb_code_detail (detail_code, group_code, created_at, modified_at, detail_desc, detail_name, [order]) VALUES ('G010', 'Gyeongjosa', DATETIME'2021-04-23 09:20:15.000', DATETIME'2021-04-23 09:20:15.000', '자녀 출생 : 남직원 10일', '10', 9);
INSERT INTO tb_code_detail (detail_code, group_code, created_at, modified_at, detail_desc, detail_name, [order]) VALUES ('G011', 'Gyeongjosa', DATETIME'2021-04-23 09:20:15.000', DATETIME'2021-04-23 09:20:15.000', '자녀 출생 : 여직원 3개월(출산휴가)', '60', 10);
INSERT INTO tb_code_detail (detail_code, group_code, created_at, modified_at, detail_desc, detail_name, [order]) VALUES ('R0009', 'rank', DATETIME'2021-04-26 16:39:38.000', DATETIME'2021-04-26 16:39:38.000', '부장', '부장', 8);
INSERT INTO tb_code_detail (detail_code, group_code, created_at, modified_at, detail_desc, detail_name, [order]) VALUES ('R0010', 'rank', DATETIME'2021-04-26 16:39:38.000', DATETIME'2021-04-26 16:39:38.000', '수석연구원', '수석연구원', 9);
INSERT INTO tb_code_detail (detail_code, group_code, created_at, modified_at, detail_desc, detail_name, [order]) VALUES ('R0011', 'rank', DATETIME'2021-04-26 16:39:38.000', DATETIME'2021-04-26 16:39:38.000', '이사', '이사', 10);
INSERT INTO tb_code_detail (detail_code, group_code, created_at, modified_at, detail_desc, detail_name, [order]) VALUES ('R0012', 'rank', DATETIME'2021-04-26 16:39:38.000', DATETIME'2021-04-26 16:39:38.000', '상무이사', '상무이사', 11);
INSERT INTO tb_code_detail (detail_code, group_code, created_at, modified_at, detail_desc, detail_name, [order]) VALUES ('R0013', 'rank', DATETIME'2021-04-26 16:39:38.000', DATETIME'2021-04-26 16:39:38.000', '전무이사', '전무이사', 12);
INSERT INTO tb_code_detail (detail_code, group_code, created_at, modified_at, detail_desc, detail_name, [order]) VALUES ('R0014', 'rank', DATETIME'2021-04-26 16:39:38.000', DATETIME'2021-04-26 16:39:38.000', '대표이사', '대표이사', 13);
INSERT INTO tb_code_detail (detail_code, group_code, created_at, modified_at, detail_desc, detail_name, [order]) VALUES ('1', 'email', DATETIME'2021-04-27 08:50:17.000', DATETIME'2021-04-27 08:50:17.000', '@joeunins.com', '@joeunins.com', 0);
INSERT INTO tb_code_detail (detail_code, group_code, created_at, modified_at, detail_desc, detail_name, [order]) VALUES ('1', 'job', DATETIME'2021-04-27 13:57:33.096', DATETIME'2021-07-08 18:02:53.212', '팀원', '팀원', 1);
INSERT INTO tb_code_detail (detail_code, group_code, created_at, modified_at, detail_desc, detail_name, [order]) VALUES ('2', 'job', DATETIME'2021-04-27 13:57:33.101', DATETIME'2021-07-08 18:02:53.212', '파트장', '파트장', 2);
INSERT INTO tb_code_detail (detail_code, group_code, created_at, modified_at, detail_desc, detail_name, [order]) VALUES ('3', 'job', DATETIME'2021-04-27 13:57:33.105', DATETIME'2021-07-08 18:02:53.213', '팀장', '팀장', 3);
INSERT INTO tb_code_detail (detail_code, group_code, created_at, modified_at, detail_desc, detail_name, [order]) VALUES ('4', 'job', DATETIME'2021-04-27 13:57:33.109', DATETIME'2021-07-08 18:02:53.213', '부서장', '부서장', 4);
INSERT INTO tb_code_detail (detail_code, group_code, created_at, modified_at, detail_desc, detail_name, [order]) VALUES ('5', 'job', DATETIME'2021-04-27 13:57:33.113', DATETIME'2021-07-08 18:02:53.214', '본부장', '본부장', 5);
INSERT INTO tb_code_detail (detail_code, group_code, created_at, modified_at, detail_desc, detail_name, [order]) VALUES ('1', 'uploadSize', DATETIME'2021-05-07 12:41:15.234', DATETIME'2021-05-07 12:41:15.234', '200MB 이하의 파일 업로드 가능', '200000000', 0);
INSERT INTO tb_code_detail (detail_code, group_code, created_at, modified_at, detail_desc, detail_name, [order]) VALUES ('0101-s', 'holiday', DATETIME'2021-05-07 15:12:41.370', DATETIME'2021-05-07 15:12:41.370', '신정', '01-01', 0);
INSERT INTO tb_code_detail (detail_code, group_code, created_at, modified_at, detail_desc, detail_name, [order]) VALUES ('0101-l', 'holiday', DATETIME'2021-05-07 15:12:41.380', DATETIME'2021-05-07 15:12:41.380', '구정', '01-01', 1);
INSERT INTO tb_code_detail (detail_code, group_code, created_at, modified_at, detail_desc, detail_name, [order]) VALUES ('0102-l', 'holiday', DATETIME'2021-05-07 15:12:41.384', DATETIME'2021-05-07 15:12:41.384', '구정연휴', '01-02', 2);
INSERT INTO tb_code_detail (detail_code, group_code, created_at, modified_at, detail_desc, detail_name, [order]) VALUES ('0301-s', 'holiday', DATETIME'2021-05-07 15:12:41.387', DATETIME'2021-05-07 15:12:41.387', '삼일절', '03-01', 3);
INSERT INTO tb_code_detail (detail_code, group_code, created_at, modified_at, detail_desc, detail_name, [order]) VALUES ('0408-l', 'holiday', DATETIME'2021-05-07 15:12:41.390', DATETIME'2021-05-07 15:12:41.390', '개천절', '04-08', 4);
INSERT INTO tb_code_detail (detail_code, group_code, created_at, modified_at, detail_desc, detail_name, [order]) VALUES ('0501-s', 'holiday', DATETIME'2021-05-07 15:12:41.394', DATETIME'2021-05-07 15:12:41.394', '근로자의날', '05-01', 5);
INSERT INTO tb_code_detail (detail_code, group_code, created_at, modified_at, detail_desc, detail_name, [order]) VALUES ('0505-s', 'holiday', DATETIME'2021-05-07 15:12:41.397', DATETIME'2021-05-07 15:12:41.397', '어린이날', '05-05', 6);
INSERT INTO tb_code_detail (detail_code, group_code, created_at, modified_at, detail_desc, detail_name, [order]) VALUES ('0606-s', 'holiday', DATETIME'2021-05-07 15:12:41.401', DATETIME'2021-05-07 15:12:41.401', '현충일', '06-06', 7);
INSERT INTO tb_code_detail (detail_code, group_code, created_at, modified_at, detail_desc, detail_name, [order]) VALUES ('0814-l', 'holiday', DATETIME'2021-05-07 15:12:41.404', DATETIME'2021-05-07 15:12:41.404', '추석연휴', '08-14', 8);
INSERT INTO tb_code_detail (detail_code, group_code, created_at, modified_at, detail_desc, detail_name, [order]) VALUES ('0815-l', 'holiday', DATETIME'2021-05-07 15:12:41.407', DATETIME'2021-05-07 15:12:41.407', '추석', '08-15', 9);
INSERT INTO tb_code_detail (detail_code, group_code, created_at, modified_at, detail_desc, detail_name, [order]) VALUES ('0815-s', 'holiday', DATETIME'2021-05-07 15:12:41.410', DATETIME'2021-05-07 15:12:41.410', '광복절', '08-15', 10);
INSERT INTO tb_code_detail (detail_code, group_code, created_at, modified_at, detail_desc, detail_name, [order]) VALUES ('0816-l', 'holiday', DATETIME'2021-05-07 15:12:41.414', DATETIME'2021-05-07 15:12:41.414', '추석연휴', '08-16', 11);
INSERT INTO tb_code_detail (detail_code, group_code, created_at, modified_at, detail_desc, detail_name, [order]) VALUES ('1003-s', 'holiday', DATETIME'2021-05-07 15:12:41.417', DATETIME'2021-05-07 15:12:41.417', '개천절', '10-03', 12);
INSERT INTO tb_code_detail (detail_code, group_code, created_at, modified_at, detail_desc, detail_name, [order]) VALUES ('1225-s', 'holiday', DATETIME'2021-05-07 15:12:41.420', DATETIME'2021-05-07 15:12:41.420', '성탄절', '12-25', 13);
INSERT INTO tb_code_detail (detail_code, group_code, created_at, modified_at, detail_desc, detail_name, [order]) VALUES ('1230-l', 'holiday', DATETIME'2021-05-07 16:13:57.192', DATETIME'2021-05-07 16:13:57.192', '구정연휴', '12-30', 14);
INSERT INTO tb_code_detail (detail_code, group_code, created_at, modified_at, detail_desc, detail_name, [order]) VALUES ('0', 'job', DATETIME'2021-06-24 09:14:38.003', DATETIME'2021-07-08 18:02:53.211', '팀원(파견)', '팀원(파견)', 0);
INSERT INTO tb_code_detail (detail_code, group_code, created_at, modified_at, detail_desc, detail_name, [order]) VALUES ('0816-s', 'holiday', DATETIME'2021-07-06 12:59:07.744', DATETIME'2021-07-06 12:59:07.744', '광복절 대체공휴일', '08-16', 15);
INSERT INTO tb_code_detail (detail_code, group_code, created_at, modified_at, detail_desc, detail_name, [order]) VALUES ('1004-s', 'holiday', DATETIME'2021-07-06 12:59:07.747', DATETIME'2021-07-06 12:59:07.747', '개천절 대체공휴일', '10-04', 16);
INSERT INTO tb_code_detail (detail_code, group_code, created_at, modified_at, detail_desc, detail_name, [order]) VALUES ('1011-s', 'holiday', DATETIME'2021-07-06 12:59:07.749', DATETIME'2021-07-06 12:59:07.749', '한글날 대체공휴일', '10-11', 17);
INSERT INTO tb_code_detail (detail_code, group_code, created_at, modified_at, detail_desc, detail_name, [order]) VALUES ('6', 'job', DATETIME'2021-07-08 11:17:34.427', DATETIME'2021-07-08 18:02:53.214', '대표이사', '대표이사', 6);
INSERT INTO tb_code_detail (detail_code, group_code, created_at, modified_at, detail_desc, detail_name, [order]) VALUES ('PC', 'assetCategory', DATETIME'2021-07-14 09:00:40.881', DATETIME'2021-07-14 09:00:40.881', '컴퓨터', 'PC', 0);
INSERT INTO tb_code_detail (detail_code, group_code, created_at, modified_at, detail_desc, detail_name, [order]) VALUES ('MT', 'assetCategory', DATETIME'2021-07-14 09:00:40.884', DATETIME'2021-07-14 09:00:40.884', '모니터', 'MT', 1);
INSERT INTO tb_code_detail (detail_code, group_code, created_at, modified_at, detail_desc, detail_name, [order]) VALUES ('SV', 'assetCategory', DATETIME'2021-07-14 09:00:40.886', DATETIME'2021-07-14 09:00:40.886', '서버', 'SV', 2);
INSERT INTO tb_code_detail (detail_code, group_code, created_at, modified_at, detail_desc, detail_name, [order]) VALUES ('ET', 'assetCategory', DATETIME'2021-07-14 09:00:40.889', DATETIME'2021-07-14 09:00:40.889', '기타장비', 'ETC', 3);
INSERT INTO tb_code_detail (detail_code, group_code, created_at, modified_at, detail_desc, detail_name, [order]) VALUES ('Y', 'assetStatus', DATETIME'2021-07-14 09:01:21.652', DATETIME'2021-07-14 09:01:21.652', '사용', '사용', 0);
INSERT INTO tb_code_detail (detail_code, group_code, created_at, modified_at, detail_desc, detail_name, [order]) VALUES ('D', 'assetStatus', DATETIME'2021-07-14 09:01:21.655', DATETIME'2021-07-14 09:01:21.655', '폐기', '폐기', 1);
INSERT INTO tb_code_detail (detail_code, group_code, created_at, modified_at, detail_desc, detail_name, [order]) VALUES ('S', 'assetStatus', DATETIME'2021-07-14 09:01:21.658', DATETIME'2021-07-14 09:01:21.658', '보관', '보관', 2);
INSERT INTO tb_code_detail (detail_code, group_code, created_at, modified_at, detail_desc, detail_name, [order]) VALUES ('C', 'assetStatus', DATETIME'2021-07-14 09:01:21.660', DATETIME'2021-07-14 09:01:21.660', '공용', '공용', 3);
INSERT INTO tb_code_detail (detail_code, group_code, created_at, modified_at, detail_desc, detail_name, [order]) VALUES ('pwd', 'regex', DATETIME'2020-11-18 10:52:37.000', DATETIME'2021-03-26 13:48:22.000', '최소 8자리에 숫자, 문자, 특수문자 각각 1개 이상 포함', '^(?=.*[a-zA-Z])(?=.*[0-9])(?=.*[`!@#$%^*()\-_=+\\\|\[\]{};:\''",.<>\/?]).{8,}$', 0);

